TRIAL NAME	p5eppendorf9cm2									
TRIAL NOTES	Using the amount Curt used for his results.  I'll send him the raw data to work up himself.									
TRIAL DATE	3:15:16.525 PM 8/5/2021									
GRID TYPE	3x3 Grid									
 										
Subject ID	Site ID	Site Label	Site Type	Subsite	Attenuation	PMT HV(Volts)	Scan Time	Completed	Filter Index	290 nm	292 nm	294 nm	296 nm	298 nm	300 nm	302 nm	304 nm	306 nm	308 nm	310 nm	312 nm	314 nm	316 nm	318 nm	320 nm	322 nm	324 nm	326 nm	328 nm	330 nm	332 nm	334 nm	336 nm	338 nm	340 nm	342 nm	344 nm	346 nm	348 nm	350 nm	352 nm	354 nm	356 nm	358 nm	360 nm	362 nm	364 nm	366 nm	368 nm	370 nm	372 nm	374 nm	376 nm	378 nm	380 nm	382 nm	384 nm	386 nm	388 nm	390 nm	392 nm	394 nm	396 nm	398 nm	400 nm
Christopher	Site  1	P5_1	Unprotected	SS 01	NaN	410.00	3:18:05.747 PM 8/5/2021	TRUE	4	0.00000000049	0.00000000059	0.00000000098	0.00000000257	0.00000000697	0.00000001640	0.00000003290	0.00000005773	0.00000009149	0.00000013692	0.00000018578	0.00000023915	0.00000029616	0.00000035623	0.00000043608	0.00000052310	0.00000061880	0.00000072709	0.00000086052	0.00000098167	0.00000111861	0.00000120946	0.00000130085	0.00000138750	0.00000144359	0.00000147485	0.00000149623	0.00000150877	0.00000151319	0.00000156302	0.00000161382	0.00000167904	0.00000175435	0.00000182109	0.00000186232	0.00000185145	0.00000180399	0.00000170140	0.00000163168	0.00000150253	0.00000144770	0.00000143923	0.00000152404	0.00000169338	0.00000189970	0.00000213676	0.00000237609	0.00000262043	0.00000290554	0.00000325832	0.00000366163	0.00000405867	0.00000441083	0.00000462906	0.00000482185	0.00000488357
Christopher	Site  1	P5_1	Unprotected	SS 02	NaN	410.00	3:18:31.012 PM 8/5/2021	TRUE	4	0.00000000040	0.00000000048	0.00000000083	0.00000000220	0.00000000604	0.00000001437	0.00000002980	0.00000005251	0.00000008536	0.00000012903	0.00000017435	0.00000022533	0.00000028341	0.00000034894	0.00000042711	0.00000052357	0.00000061872	0.00000073462	0.00000086316	0.00000099230	0.00000112423	0.00000124638	0.00000134530	0.00000144076	0.00000147498	0.00000153019	0.00000156633	0.00000157350	0.00000160535	0.00000165055	0.00000170181	0.00000175494	0.00000184164	0.00000194572	0.00000196801	0.00000197465	0.00000190761	0.00000181957	0.00000170060	0.00000162266	0.00000154845	0.00000155839	0.00000163217	0.00000178839	0.00000204988	0.00000224908	0.00000253384	0.00000276662	0.00000309705	0.00000345282	0.00000379865	0.00000421107	0.00000452517	0.00000478295	0.00000493370	0.00000495064
Christopher	Site  1	P5_1	Unprotected	SS 03	NaN	410.00	3:18:56.110 PM 8/5/2021	TRUE	4	0.00000000082	0.00000000091	0.00000000125	0.00000000254	0.00000000613	0.00000001432	0.00000002905	0.00000005105	0.00000008393	0.00000012828	0.00000017818	0.00000023511	0.00000029758	0.00000036810	0.00000045715	0.00000056860	0.00000068845	0.00000081062	0.00000096306	0.00000110860	0.00000127579	0.00000141652	0.00000153580	0.00000164730	0.00000168449	0.00000174667	0.00000178292	0.00000179177	0.00000183305	0.00000186727	0.00000195188	0.00000202015	0.00000211137	0.00000219831	0.00000225799	0.00000224743	0.00000219048	0.00000207385	0.00000194101	0.00000181927	0.00000171987	0.00000171086	0.00000183145	0.00000198819	0.00000224287	0.00000251014	0.00000276398	0.00000302079	0.00000333275	0.00000360203	0.00000401844	0.00000437258	0.00000465635	0.00000487039	0.00000505220	0.00000500671
Christopher	Site  1	P5_1	Unprotected	SS 04	NaN	410.00	3:19:19.809 PM 8/5/2021	TRUE	4	0.00000000058	0.00000000068	0.00000000119	0.00000000315	0.00000000866	0.00000002081	0.00000004219	0.00000007280	0.00000012187	0.00000017526	0.00000023856	0.00000031282	0.00000038786	0.00000047064	0.00000057849	0.00000069721	0.00000082131	0.00000096262	0.00000112828	0.00000129159	0.00000146501	0.00000160542	0.00000173047	0.00000181934	0.00000189743	0.00000191101	0.00000198034	0.00000196471	0.00000200477	0.00000205288	0.00000209535	0.00000218268	0.00000226898	0.00000239218	0.00000242574	0.00000238990	0.00000233292	0.00000221113	0.00000208810	0.00000192911	0.00000182850	0.00000181883	0.00000191305	0.00000209473	0.00000234795	0.00000260503	0.00000286580	0.00000310790	0.00000338292	0.00000375647	0.00000407723	0.00000443318	0.00000469566	0.00000485261	0.00000503347	0.00000502733
Christopher	Site  1	P5_1	Unprotected	SS 05	NaN	410.00	3:19:44.091 PM 8/5/2021	TRUE	4	0.00000000044	0.00000000055	0.00000000101	0.00000000280	0.00000000765	0.00000001843	0.00000003753	0.00000006688	0.00000010965	0.00000016044	0.00000022032	0.00000028728	0.00000036262	0.00000043787	0.00000053971	0.00000066250	0.00000079182	0.00000093334	0.00000108557	0.00000123331	0.00000140238	0.00000154584	0.00000167370	0.00000177021	0.00000183559	0.00000187552	0.00000190425	0.00000191701	0.00000195477	0.00000195864	0.00000202396	0.00000210471	0.00000219079	0.00000227922	0.00000235904	0.00000229832	0.00000222502	0.00000212076	0.00000197019	0.00000183963	0.00000174645	0.00000173400	0.00000184110	0.00000200505	0.00000222821	0.00000249629	0.00000275392	0.00000298446	0.00000327229	0.00000356101	0.00000387483	0.00000420407	0.00000444801	0.00000465550	0.00000475581	0.00000474375
Christopher	Site  1	P5_1	Unprotected	SS 06	NaN	410.00	3:20:11.748 PM 8/5/2021	TRUE	4	0.00000000056	0.00000000070	0.00000000129	0.00000000353	0.00000000952	0.00000002243	0.00000004599	0.00000007894	0.00000013026	0.00000018665	0.00000025640	0.00000033692	0.00000041482	0.00000050746	0.00000062075	0.00000074655	0.00000088337	0.00000104280	0.00000121618	0.00000139670	0.00000157641	0.00000174463	0.00000185465	0.00000196269	0.00000206883	0.00000208208	0.00000211320	0.00000215078	0.00000216719	0.00000219426	0.00000224423	0.00000231643	0.00000242386	0.00000252963	0.00000257063	0.00000252139	0.00000245425	0.00000230652	0.00000215215	0.00000201847	0.00000191615	0.00000187763	0.00000195553	0.00000215711	0.00000240812	0.00000269218	0.00000293199	0.00000318280	0.00000346330	0.00000376202	0.00000409054	0.00000437644	0.00000467073	0.00000488260	0.00000504273	0.00000493928
Christopher	Site  1	P5_1	Unprotected	SS 07	NaN	410.00	3:20:37.195 PM 8/5/2021	TRUE	4	0.00000000060	0.00000000075	0.00000000140	0.00000000384	0.00000001075	0.00000002592	0.00000005180	0.00000009037	0.00000014834	0.00000021379	0.00000029127	0.00000037168	0.00000046063	0.00000055286	0.00000066355	0.00000080365	0.00000093401	0.00000109013	0.00000125394	0.00000144151	0.00000161736	0.00000174375	0.00000187495	0.00000197070	0.00000201324	0.00000208439	0.00000209706	0.00000211039	0.00000214070	0.00000215529	0.00000221458	0.00000230650	0.00000241684	0.00000248960	0.00000257215	0.00000250809	0.00000243796	0.00000229918	0.00000215436	0.00000199450	0.00000188649	0.00000187240	0.00000195090	0.00000213225	0.00000239257	0.00000266558	0.00000291754	0.00000316900	0.00000339913	0.00000371953	0.00000399657	0.00000433378	0.00000454543	0.00000473156	0.00000482831	0.00000480598
Christopher	Site  1	P5_1	Unprotected	SS 08	NaN	410.00	3:21:04.197 PM 8/5/2021	TRUE	4	0.00000000054	0.00000000064	0.00000000119	0.00000000331	0.00000000939	0.00000002294	0.00000004808	0.00000008469	0.00000013938	0.00000020644	0.00000028159	0.00000036348	0.00000044840	0.00000054329	0.00000066425	0.00000079732	0.00000094400	0.00000110119	0.00000127510	0.00000147607	0.00000164283	0.00000179341	0.00000194072	0.00000202306	0.00000210469	0.00000214131	0.00000217333	0.00000219213	0.00000220060	0.00000225907	0.00000230413	0.00000240287	0.00000248501	0.00000258131	0.00000263290	0.00000260912	0.00000253029	0.00000237285	0.00000221858	0.00000204354	0.00000195002	0.00000193060	0.00000203162	0.00000220639	0.00000245939	0.00000274696	0.00000299235	0.00000329173	0.00000354218	0.00000387671	0.00000420766	0.00000450081	0.00000484762	0.00000499317	0.00000508707	0.00000511009
Christopher	Site  1	P5_1	Unprotected	SS 09	NaN	410.00	3:21:33.939 PM 8/5/2021	TRUE	4	0.00000000055	0.00000000068	0.00000000129	0.00000000358	0.00000001000	0.00000002408	0.00000004929	0.00000008618	0.00000014041	0.00000020520	0.00000027992	0.00000036402	0.00000044355	0.00000053642	0.00000065280	0.00000078401	0.00000093203	0.00000108400	0.00000126567	0.00000144376	0.00000160795	0.00000173946	0.00000189974	0.00000194728	0.00000205249	0.00000211479	0.00000209928	0.00000212039	0.00000213541	0.00000218412	0.00000223283	0.00000231048	0.00000241149	0.00000248776	0.00000251332	0.00000252753	0.00000243346	0.00000230445	0.00000213635	0.00000196667	0.00000186988	0.00000185413	0.00000192392	0.00000212258	0.00000235433	0.00000262451	0.00000289050	0.00000313811	0.00000342472	0.00000370024	0.00000395339	0.00000425175	0.00000452943	0.00000473976	0.00000480567	0.00000479657
Christopher	Site  2	P5_2	Unprotected	SS 01	NaN	410.00	3:22:03.293 PM 8/5/2021	TRUE	4	0.00000000028	0.00000000043	0.00000000113	0.00000000387	0.00000001157	0.00000002885	0.00000005984	0.00000010747	0.00000017175	0.00000024866	0.00000033467	0.00000043625	0.00000053579	0.00000064157	0.00000077072	0.00000092444	0.00000108701	0.00000126689	0.00000145243	0.00000163989	0.00000183430	0.00000202262	0.00000216378	0.00000226016	0.00000232548	0.00000236168	0.00000238665	0.00000238914	0.00000241162	0.00000243552	0.00000249121	0.00000256838	0.00000267807	0.00000276904	0.00000283726	0.00000280996	0.00000268851	0.00000253134	0.00000235139	0.00000218501	0.00000204697	0.00000202539	0.00000211904	0.00000233022	0.00000257437	0.00000282549	0.00000310387	0.00000339261	0.00000359204	0.00000390946	0.00000417664	0.00000447511	0.00000468010	0.00000487466	0.00000502628	0.00000501098
Christopher	Site  2	P5_2	Unprotected	SS 02	NaN	410.00	3:22:28.154 PM 8/5/2021	TRUE	4	0.00000000072	0.00000000088	0.00000000172	0.00000000489	0.00000001370	0.00000003304	0.00000006705	0.00000011605	0.00000018024	0.00000026119	0.00000035046	0.00000044472	0.00000053919	0.00000063369	0.00000075785	0.00000090320	0.00000105511	0.00000121340	0.00000139341	0.00000158947	0.00000175453	0.00000191659	0.00000204118	0.00000213284	0.00000218027	0.00000219867	0.00000223419	0.00000224880	0.00000223210	0.00000227053	0.00000233266	0.00000240365	0.00000244681	0.00000257002	0.00000259306	0.00000258110	0.00000248289	0.00000232007	0.00000213038	0.00000198063	0.00000187146	0.00000183928	0.00000191048	0.00000210335	0.00000231017	0.00000255979	0.00000277572	0.00000301656	0.00000322351	0.00000348349	0.00000375495	0.00000401004	0.00000420459	0.00000436556	0.00000440937	0.00000446633
Christopher	Site  2	P5_2	Unprotected	SS 03	NaN	410.00	3:22:52.123 PM 8/5/2021	TRUE	4	0.00000000063	0.00000000086	0.00000000182	0.00000000534	0.00000001489	0.00000003495	0.00000006957	0.00000012174	0.00000018756	0.00000026849	0.00000036169	0.00000046003	0.00000056099	0.00000066704	0.00000079384	0.00000095175	0.00000110304	0.00000128361	0.00000148189	0.00000167987	0.00000184369	0.00000201683	0.00000215143	0.00000227872	0.00000234103	0.00000236819	0.00000237782	0.00000237425	0.00000242112	0.00000244857	0.00000251025	0.00000257519	0.00000268394	0.00000276928	0.00000281478	0.00000275925	0.00000267111	0.00000249476	0.00000235547	0.00000215140	0.00000203575	0.00000198923	0.00000208135	0.00000225388	0.00000249712	0.00000275635	0.00000301906	0.00000324109	0.00000349046	0.00000380165	0.00000406134	0.00000430569	0.00000458142	0.00000474438	0.00000474589	0.00000474129
Christopher	Site  2	P5_2	Unprotected	SS 04	NaN	410.00	3:23:15.757 PM 8/5/2021	TRUE	4	0.00000000042	0.00000000059	0.00000000140	0.00000000452	0.00000001330	0.00000003267	0.00000006721	0.00000011891	0.00000018804	0.00000026988	0.00000036491	0.00000045578	0.00000055190	0.00000065520	0.00000077798	0.00000091536	0.00000106522	0.00000122413	0.00000140158	0.00000159584	0.00000177033	0.00000191217	0.00000199418	0.00000211888	0.00000218932	0.00000219566	0.00000221995	0.00000221097	0.00000222397	0.00000223858	0.00000233809	0.00000239842	0.00000251038	0.00000261299	0.00000261498	0.00000261325	0.00000251373	0.00000235539	0.00000221423	0.00000204238	0.00000192600	0.00000190269	0.00000195890	0.00000215538	0.00000240242	0.00000267552	0.00000295009	0.00000316823	0.00000340098	0.00000362522	0.00000390366	0.00000418859	0.00000449124	0.00000458257	0.00000471839	0.00000476644
Christopher	Site  2	P5_2	Unprotected	SS 05	NaN	410.00	3:23:38.893 PM 8/5/2021	TRUE	4	0.00000000027	0.00000000055	0.00000000187	0.00000000667	0.00000001939	0.00000004570	0.00000009120	0.00000015598	0.00000024028	0.00000033735	0.00000045081	0.00000055707	0.00000066044	0.00000077835	0.00000091554	0.00000107983	0.00000123919	0.00000142307	0.00000161514	0.00000182777	0.00000201045	0.00000216639	0.00000230003	0.00000239742	0.00000243248	0.00000248818	0.00000248001	0.00000248112	0.00000250929	0.00000251988	0.00000257203	0.00000266792	0.00000277766	0.00000286166	0.00000292783	0.00000283851	0.00000274056	0.00000257530	0.00000241728	0.00000221562	0.00000206590	0.00000201359	0.00000211853	0.00000229505	0.00000255802	0.00000281305	0.00000307364	0.00000327348	0.00000352961	0.00000377032	0.00000402566	0.00000429468	0.00000460055	0.00000471461	0.00000477291	0.00000476029
Christopher	Site  2	P5_2	Unprotected	SS 06	NaN	410.00	3:24:03.685 PM 8/5/2021	TRUE	4	0.00000000079	0.00000000097	0.00000000183	0.00000000503	0.00000001375	0.00000003248	0.00000006499	0.00000011354	0.00000017951	0.00000025958	0.00000034481	0.00000044269	0.00000054301	0.00000064442	0.00000077527	0.00000092359	0.00000108626	0.00000124332	0.00000144091	0.00000163239	0.00000182424	0.00000196920	0.00000209299	0.00000217312	0.00000223442	0.00000230451	0.00000227539	0.00000231297	0.00000227914	0.00000231577	0.00000235176	0.00000241575	0.00000250504	0.00000258187	0.00000260554	0.00000257879	0.00000248361	0.00000232860	0.00000216157	0.00000200869	0.00000186926	0.00000182395	0.00000189949	0.00000208413	0.00000230169	0.00000254948	0.00000278917	0.00000301198	0.00000319107	0.00000343755	0.00000370041	0.00000390213	0.00000412893	0.00000432787	0.00000433309	0.00000432647
Christopher	Site  2	P5_2	Unprotected	SS 07	NaN	410.00	3:24:30.399 PM 8/5/2021	TRUE	4	0.00000000058	0.00000000075	0.00000000161	0.00000000489	0.00000001431	0.00000003457	0.00000007050	0.00000012774	0.00000020069	0.00000029168	0.00000039345	0.00000050116	0.00000060854	0.00000074018	0.00000088978	0.00000104030	0.00000122014	0.00000144312	0.00000164485	0.00000187414	0.00000207082	0.00000226873	0.00000240045	0.00000249247	0.00000258968	0.00000264913	0.00000268183	0.00000265591	0.00000266314	0.00000270634	0.00000276133	0.00000284521	0.00000293309	0.00000302089	0.00000306879	0.00000305252	0.00000290016	0.00000272929	0.00000248186	0.00000227635	0.00000209917	0.00000205321	0.00000214093	0.00000234600	0.00000265335	0.00000294582	0.00000320439	0.00000345821	0.00000372311	0.00000398457	0.00000424484	0.00000455703	0.00000476500	0.00000494676	0.00000508275	0.00000504038
Christopher	Site  2	P5_2	Unprotected	SS 08	NaN	410.00	3:24:53.864 PM 8/5/2021	TRUE	4	0.00000000027	0.00000000059	0.00000000202	0.00000000694	0.00000002001	0.00000004656	0.00000009033	0.00000015397	0.00000023527	0.00000033436	0.00000043502	0.00000054034	0.00000064436	0.00000075187	0.00000088233	0.00000104404	0.00000121057	0.00000136937	0.00000157302	0.00000175627	0.00000193915	0.00000210968	0.00000221567	0.00000233852	0.00000239467	0.00000243328	0.00000243541	0.00000240478	0.00000249043	0.00000247460	0.00000250673	0.00000261700	0.00000270123	0.00000281783	0.00000284526	0.00000281914	0.00000270286	0.00000252952	0.00000236385	0.00000216438	0.00000205296	0.00000202745	0.00000209914	0.00000227934	0.00000254377	0.00000283230	0.00000306097	0.00000330957	0.00000360650	0.00000385416	0.00000410866	0.00000443230	0.00000466417	0.00000489734	0.00000498188	0.00000501284
Christopher	Site  2	P5_2	Unprotected	SS 09	NaN	410.00	3:25:17.855 PM 8/5/2021	TRUE	4	0.00000000082	0.00000000108	0.00000000218	0.00000000606	0.00000001650	0.00000003808	0.00000007618	0.00000013172	0.00000020442	0.00000029302	0.00000039544	0.00000049724	0.00000061153	0.00000072380	0.00000086918	0.00000102793	0.00000121591	0.00000139097	0.00000163595	0.00000184391	0.00000206137	0.00000224089	0.00000240215	0.00000249195	0.00000255707	0.00000260903	0.00000263167	0.00000265037	0.00000263623	0.00000266807	0.00000272616	0.00000281561	0.00000291153	0.00000300147	0.00000306533	0.00000300878	0.00000293061	0.00000270938	0.00000254292	0.00000233262	0.00000222698	0.00000216321	0.00000226443	0.00000246181	0.00000276995	0.00000305205	0.00000336155	0.00000364033	0.00000391805	0.00000422047	0.00000462681	0.00000495205	0.00000526800	0.00000545471	0.00000556224	0.00000561320
Christopher	Site  3	P5_3	Unprotected	SS 01	NaN	410.00	3:25:58.640 PM 8/5/2021	TRUE	4	0.00000000088	0.00000000106	0.00000000174	0.00000000425	0.00000001119	0.00000002534	0.00000005110	0.00000008791	0.00000014382	0.00000021180	0.00000028996	0.00000038033	0.00000047432	0.00000057749	0.00000071012	0.00000086621	0.00000103292	0.00000120547	0.00000140090	0.00000160520	0.00000182111	0.00000197775	0.00000211258	0.00000223126	0.00000233229	0.00000237590	0.00000237481	0.00000243768	0.00000243113	0.00000244849	0.00000254912	0.00000260268	0.00000274503	0.00000286181	0.00000289383	0.00000285255	0.00000274838	0.00000257249	0.00000241405	0.00000222461	0.00000210119	0.00000203427	0.00000213836	0.00000232632	0.00000261692	0.00000287541	0.00000313327	0.00000339200	0.00000364090	0.00000390270	0.00000414670	0.00000444080	0.00000465217	0.00000488792	0.00000499063	0.00000499641
Christopher	Site  3	P5_3	Unprotected	SS 02	NaN	410.00	3:26:24.311 PM 8/5/2021	TRUE	4	0.00000000063	0.00000000086	0.00000000177	0.00000000496	0.00000001322	0.00000003008	0.00000005996	0.00000010467	0.00000016540	0.00000024379	0.00000033170	0.00000043217	0.00000054331	0.00000066256	0.00000081680	0.00000099053	0.00000118508	0.00000138345	0.00000161582	0.00000186968	0.00000208722	0.00000231705	0.00000247929	0.00000260965	0.00000271791	0.00000276695	0.00000280764	0.00000285957	0.00000287674	0.00000293804	0.00000297221	0.00000310258	0.00000322047	0.00000333347	0.00000337451	0.00000333222	0.00000321535	0.00000304828	0.00000283364	0.00000261550	0.00000245154	0.00000239001	0.00000250818	0.00000276202	0.00000306834	0.00000336129	0.00000370626	0.00000395532	0.00000427185	0.00000457457	0.00000499727	0.00000525695	0.00000551403	0.00000579594	0.00000586191	0.00000589102
Christopher	Site  3	P5_3	Unprotected	SS 03	NaN	410.00	3:26:48.649 PM 8/5/2021	TRUE	4	0.00000000063	0.00000000075	0.00000000138	0.00000000362	0.00000000977	0.00000002349	0.00000004749	0.00000008338	0.00000013926	0.00000020293	0.00000028587	0.00000036848	0.00000045796	0.00000057108	0.00000069685	0.00000084461	0.00000101453	0.00000118923	0.00000139849	0.00000159714	0.00000178866	0.00000197174	0.00000209067	0.00000223839	0.00000229867	0.00000233392	0.00000234261	0.00000235375	0.00000236911	0.00000238926	0.00000245968	0.00000253215	0.00000262272	0.00000270837	0.00000274404	0.00000271393	0.00000258254	0.00000242843	0.00000222331	0.00000207488	0.00000193953	0.00000191400	0.00000197556	0.00000213642	0.00000238164	0.00000263131	0.00000281019	0.00000304705	0.00000327663	0.00000351434	0.00000380066	0.00000402490	0.00000427019	0.00000444223	0.00000456674	0.00000458513
Christopher	Site  3	P5_3	Unprotected	SS 04	NaN	410.00	3:27:12.132 PM 8/5/2021	TRUE	4	0.00000000047	0.00000000065	0.00000000148	0.00000000438	0.00000001210	0.00000002839	0.00000005682	0.00000009616	0.00000015609	0.00000022687	0.00000030804	0.00000039938	0.00000048690	0.00000059357	0.00000072656	0.00000087534	0.00000102254	0.00000119648	0.00000139054	0.00000158558	0.00000178310	0.00000192588	0.00000207430	0.00000217677	0.00000223835	0.00000228389	0.00000231064	0.00000231907	0.00000232782	0.00000236092	0.00000240773	0.00000249367	0.00000256871	0.00000266495	0.00000271314	0.00000264512	0.00000256618	0.00000241452	0.00000222147	0.00000205977	0.00000194215	0.00000190563	0.00000199799	0.00000217014	0.00000239900	0.00000264484	0.00000290025	0.00000318442	0.00000342263	0.00000365223	0.00000396074	0.00000423399	0.00000447220	0.00000471130	0.00000474531	0.00000477589
Christopher	Site  3	P5_3	Unprotected	SS 05	NaN	410.00	3:27:46.702 PM 8/5/2021	TRUE	4	0.00000000058	0.00000000073	0.00000000139	0.00000000381	0.00000001029	0.00000002438	0.00000004936	0.00000008573	0.00000014196	0.00000020730	0.00000029056	0.00000036845	0.00000046959	0.00000058250	0.00000071245	0.00000087842	0.00000103049	0.00000122049	0.00000142886	0.00000162611	0.00000186147	0.00000205397	0.00000221706	0.00000231184	0.00000240623	0.00000245230	0.00000249176	0.00000249728	0.00000251545	0.00000258152	0.00000262358	0.00000271398	0.00000281844	0.00000291010	0.00000298917	0.00000293336	0.00000280034	0.00000267345	0.00000246128	0.00000225665	0.00000212889	0.00000210392	0.00000220672	0.00000237073	0.00000266762	0.00000294558	0.00000320072	0.00000343271	0.00000371072	0.00000394314	0.00000429681	0.00000455715	0.00000480100	0.00000492940	0.00000510498	0.00000504004
Christopher	Site  3	P5_3	Unprotected	SS 06	NaN	410.00	3:28:12.031 PM 8/5/2021	TRUE	4	0.00000000046	0.00000000059	0.00000000113	0.00000000321	0.00000000911	0.00000002240	0.00000004629	0.00000008200	0.00000013780	0.00000020495	0.00000028422	0.00000037695	0.00000047728	0.00000059082	0.00000072620	0.00000088088	0.00000105233	0.00000123880	0.00000146419	0.00000167926	0.00000187895	0.00000209891	0.00000224647	0.00000238660	0.00000245417	0.00000250303	0.00000257644	0.00000255635	0.00000255850	0.00000259811	0.00000267579	0.00000277028	0.00000288497	0.00000299221	0.00000304666	0.00000298325	0.00000282841	0.00000269760	0.00000249799	0.00000229749	0.00000217231	0.00000212235	0.00000220557	0.00000241168	0.00000270189	0.00000296367	0.00000327130	0.00000346704	0.00000374538	0.00000406996	0.00000434663	0.00000464173	0.00000485518	0.00000507574	0.00000518293	0.00000515202
Christopher	Site  3	P5_3	Unprotected	SS 07	NaN	410.00	3:28:35.814 PM 8/5/2021	TRUE	4	0.00000000038	0.00000000050	0.00000000107	0.00000000325	0.00000000941	0.00000002261	0.00000004699	0.00000008175	0.00000013625	0.00000020416	0.00000028334	0.00000037098	0.00000046164	0.00000057301	0.00000069955	0.00000085345	0.00000102062	0.00000119274	0.00000140332	0.00000161209	0.00000180636	0.00000198838	0.00000212163	0.00000225049	0.00000231476	0.00000237854	0.00000239005	0.00000242331	0.00000243157	0.00000245316	0.00000252478	0.00000260723	0.00000272224	0.00000284333	0.00000287157	0.00000280685	0.00000273827	0.00000255420	0.00000237820	0.00000221608	0.00000206822	0.00000207072	0.00000215143	0.00000235928	0.00000262553	0.00000291999	0.00000318357	0.00000344345	0.00000370823	0.00000404755	0.00000433759	0.00000468976	0.00000492018	0.00000507671	0.00000522270	0.00000523998
Christopher	Site  3	P5_3	Unprotected	SS 08	NaN	410.00	3:29:01.468 PM 8/5/2021	TRUE	4	0.00000000045	0.00000000059	0.00000000125	0.00000000365	0.00000001010	0.00000002378	0.00000004725	0.00000008260	0.00000013275	0.00000019172	0.00000026453	0.00000034475	0.00000042204	0.00000051619	0.00000062714	0.00000075913	0.00000090315	0.00000105104	0.00000123651	0.00000138807	0.00000157035	0.00000171315	0.00000183336	0.00000192325	0.00000196535	0.00000200613	0.00000205367	0.00000202961	0.00000205683	0.00000208693	0.00000215289	0.00000219842	0.00000227822	0.00000237124	0.00000241386	0.00000237721	0.00000226243	0.00000212241	0.00000197668	0.00000182967	0.00000170237	0.00000167300	0.00000175136	0.00000191740	0.00000211433	0.00000233261	0.00000256536	0.00000275490	0.00000294847	0.00000317594	0.00000337726	0.00000359532	0.00000378022	0.00000390506	0.00000395619	0.00000396064
Christopher	Site  3	P5_3	Unprotected	SS 09	NaN	410.00	3:29:25.109 PM 8/5/2021	TRUE	4	0.00000000068	0.00000000083	0.00000000151	0.00000000405	0.00000001093	0.00000002574	0.00000005182	0.00000008963	0.00000014775	0.00000021619	0.00000029954	0.00000039093	0.00000049384	0.00000059147	0.00000073160	0.00000088962	0.00000106475	0.00000125769	0.00000145863	0.00000170013	0.00000190512	0.00000206221	0.00000224800	0.00000236006	0.00000244304	0.00000247839	0.00000253180	0.00000253213	0.00000257815	0.00000257043	0.00000265340	0.00000276232	0.00000284940	0.00000295384	0.00000298763	0.00000299604	0.00000284718	0.00000270145	0.00000248757	0.00000230966	0.00000215280	0.00000210865	0.00000219920	0.00000238728	0.00000263987	0.00000296879	0.00000322577	0.00000346320	0.00000369508	0.00000397447	0.00000429290	0.00000451100	0.00000474081	0.00000490856	0.00000505171	0.00000497942
Christopher	Site  1	P5_1	Protected	SS 01	NaN	410.00	3:53:34.225 PM 8/5/2021	TRUE	4	0.00000000010	0.00000000010	0.00000000010	0.00000000013	0.00000000019	0.00000000033	0.00000000055	0.00000000086	0.00000000129	0.00000000182	0.00000000239	0.00000000302	0.00000000364	0.00000000447	0.00000000531	0.00000000657	0.00000000785	0.00000000934	0.00000001111	0.00000001318	0.00000001539	0.00000001716	0.00000001899	0.00000002053	0.00000002181	0.00000002282	0.00000002359	0.00000002434	0.00000002536	0.00000002691	0.00000002886	0.00000003094	0.00000003390	0.00000003670	0.00000003953	0.00000004079	0.00000004142	0.00000004218	0.00000004248	0.00000004318	0.00000004541	0.00000005030	0.00000005848	0.00000006976	0.00000008422	0.00000010243	0.00000012710	0.00000016733	0.00000023432	0.00000035252	0.00000054481	0.00000082846	0.00000123125	0.00000169210	0.00000220211	0.00000262945
Christopher	Site  1	P5_1	Protected	SS 02	NaN	410.00	3:54:07.476 PM 8/5/2021	TRUE	4	0.00000000021	0.00000000020	0.00000000018	0.00000000012	0.00000000012	0.00000000013	0.00000000016	0.00000000019	0.00000000023	0.00000000028	0.00000000033	0.00000000040	0.00000000046	0.00000000054	0.00000000065	0.00000000080	0.00000000098	0.00000000121	0.00000000149	0.00000000183	0.00000000218	0.00000000254	0.00000000322	0.00000000355	0.00000000393	0.00000000430	0.00000000462	0.00000000495	0.00000000533	0.00000000578	0.00000000646	0.00000000727	0.00000000819	0.00000000909	0.00000000991	0.00000001072	0.00000001118	0.00000001181	0.00000001215	0.00000001277	0.00000001402	0.00000001707	0.00000002026	0.00000002519	0.00000003065	0.00000003840	0.00000004957	0.00000006611	0.00000009743	0.00000015451	0.00000025679	0.00000042350	0.00000068811	0.00000105334	0.00000151080	0.00000202506
Christopher	Site  1	P5_1	Protected	SS 03	NaN	410.00	3:54:43.562 PM 8/5/2021	TRUE	4	0.00000000014	0.00000000014	0.00000000014	0.00000000014	0.00000000016	0.00000000018	0.00000000022	0.00000000028	0.00000000037	0.00000000046	0.00000000057	0.00000000067	0.00000000083	0.00000000096	0.00000000119	0.00000000145	0.00000000178	0.00000000215	0.00000000269	0.00000000317	0.00000000380	0.00000000440	0.00000000492	0.00000000551	0.00000000612	0.00000000670	0.00000000727	0.00000000770	0.00000000850	0.00000000924	0.00000001030	0.00000001153	0.00000001304	0.00000001454	0.00000001596	0.00000001702	0.00000001793	0.00000001862	0.00000001927	0.00000002011	0.00000002211	0.00000002461	0.00000002918	0.00000003563	0.00000004381	0.00000005472	0.00000006879	0.00000009127	0.00000013159	0.00000020200	0.00000032577	0.00000051476	0.00000079964	0.00000116532	0.00000163669	0.00000210384
Christopher	Site  1	P5_1	Protected	SS 04	NaN	410.00	3:55:16.997 PM 8/5/2021	TRUE	4	0.00000000008	0.00000000007	0.00000000007	0.00000000007	0.00000000007	0.00000000009	0.00000000012	0.00000000016	0.00000000021	0.00000000028	0.00000000035	0.00000000043	0.00000000051	0.00000000058	0.00000000069	0.00000000083	0.00000000101	0.00000000124	0.00000000151	0.00000000183	0.00000000217	0.00000000254	0.00000000287	0.00000000318	0.00000000345	0.00000000374	0.00000000404	0.00000000425	0.00000000455	0.00000000497	0.00000000548	0.00000000615	0.00000000698	0.00000000775	0.00000000835	0.00000000899	0.00000000942	0.00000000958	0.00000001014	0.00000001089	0.00000001180	0.00000001325	0.00000001600	0.00000001953	0.00000002403	0.00000003043	0.00000003852	0.00000005373	0.00000007988	0.00000013217	0.00000022462	0.00000037834	0.00000063430	0.00000098056	0.00000143246	0.00000194872
Christopher	Site  1	P5_1	Protected	SS 05	NaN	410.00	3:55:48.716 PM 8/5/2021	TRUE	4	0.00000000004	0.00000000004	0.00000000004	0.00000000004	0.00000000004	0.00000000004	0.00000000005	0.00000000007	0.00000000008	0.00000000011	0.00000000014	0.00000000017	0.00000000021	0.00000000026	0.00000000033	0.00000000041	0.00000000052	0.00000000066	0.00000000082	0.00000000104	0.00000000126	0.00000000151	0.00000000174	0.00000000196	0.00000000218	0.00000000242	0.00000000264	0.00000000286	0.00000000311	0.00000000343	0.00000000390	0.00000000448	0.00000000515	0.00000000591	0.00000000665	0.00000000723	0.00000000779	0.00000000827	0.00000000882	0.00000000956	0.00000001077	0.00000001281	0.00000001556	0.00000001922	0.00000002437	0.00000003077	0.00000003972	0.00000005452	0.00000008199	0.00000013415	0.00000022448	0.00000037597	0.00000061099	0.00000093730	0.00000133872	0.00000178510
Christopher	Site  1	P5_1	Protected	SS 06	NaN	410.00	3:56:31.280 PM 8/5/2021	TRUE	4	0.00000000018	0.00000000018	0.00000000018	0.00000000019	0.00000000021	0.00000000024	0.00000000030	0.00000000037	0.00000000048	0.00000000061	0.00000000075	0.00000000091	0.00000000110	0.00000000133	0.00000000164	0.00000000201	0.00000000248	0.00000000305	0.00000000375	0.00000000448	0.00000000543	0.00000000625	0.00000000705	0.00000000770	0.00000000837	0.00000000892	0.00000000937	0.00000000999	0.00000001073	0.00000001161	0.00000001285	0.00000001422	0.00000001584	0.00000001751	0.00000001892	0.00000001985	0.00000002049	0.00000002103	0.00000002171	0.00000002217	0.00000002415	0.00000002702	0.00000003190	0.00000003839	0.00000004638	0.00000005717	0.00000007187	0.00000009343	0.00000013308	0.00000020611	0.00000032668	0.00000051289	0.00000080121	0.00000119568	0.00000167588	0.00000214939
Christopher	Site  1	P5_1	Protected	SS 07	NaN	410.00	3:57:02.319 PM 8/5/2021	TRUE	4	0.00000000012	0.00000000013	0.00000000012	0.00000000014	0.00000000017	0.00000000022	0.00000000032	0.00000000045	0.00000000063	0.00000000086	0.00000000114	0.00000000145	0.00000000179	0.00000000220	0.00000000272	0.00000000338	0.00000000413	0.00000000512	0.00000000629	0.00000000761	0.00000000910	0.00000001069	0.00000001191	0.00000001324	0.00000001461	0.00000001555	0.00000001649	0.00000001764	0.00000001862	0.00000002034	0.00000002258	0.00000002482	0.00000002723	0.00000003006	0.00000003275	0.00000003473	0.00000003633	0.00000003671	0.00000003769	0.00000003931	0.00000004142	0.00000004615	0.00000005370	0.00000006439	0.00000007772	0.00000009485	0.00000011879	0.00000015459	0.00000021281	0.00000031740	0.00000047790	0.00000072223	0.00000108703	0.00000154431	0.00000205436	0.00000259347
Christopher	Site  1	P5_1	Protected	SS 08	NaN	410.00	3:58:13.481 PM 8/5/2021	TRUE	4	0.00000000012	0.00000000011	0.00000000011	0.00000000012	0.00000000012	0.00000000013	0.00000000015	0.00000000019	0.00000000024	0.00000000030	0.00000000037	0.00000000046	0.00000000056	0.00000000067	0.00000000083	0.00000000106	0.00000000133	0.00000000164	0.00000000204	0.00000000252	0.00000000302	0.00000000360	0.00000000415	0.00000000463	0.00000000511	0.00000000555	0.00000000598	0.00000000645	0.00000000699	0.00000000771	0.00000000861	0.00000000986	0.00000001115	0.00000001268	0.00000001381	0.00000001488	0.00000001568	0.00000001642	0.00000001704	0.00000001838	0.00000002008	0.00000002274	0.00000002718	0.00000003308	0.00000004061	0.00000005051	0.00000006466	0.00000008694	0.00000012728	0.00000019581	0.00000032395	0.00000052430	0.00000082868	0.00000124415	0.00000176408	0.00000233320
Christopher	Site  1	P5_1	Protected	SS 09	NaN	410.00	3:58:47.007 PM 8/5/2021	TRUE	4	0.00000000047	0.00000000049	0.00000000048	0.00000000049	0.00000000051	0.00000000056	0.00000000065	0.00000000076	0.00000000087	0.00000000106	0.00000000125	0.00000000152	0.00000000178	0.00000000209	0.00000000252	0.00000000311	0.00000000370	0.00000000453	0.00000000550	0.00000000666	0.00000000792	0.00000000905	0.00000001031	0.00000001137	0.00000001235	0.00000001321	0.00000001395	0.00000001469	0.00000001568	0.00000001708	0.00000001866	0.00000002227	0.00000002484	0.00000002750	0.00000002991	0.00000003145	0.00000003280	0.00000003380	0.00000003505	0.00000003607	0.00000003853	0.00000004316	0.00000005025	0.00000005984	0.00000007363	0.00000009054	0.00000011240	0.00000014704	0.00000020426	0.00000030618	0.00000046718	0.00000071702	0.00000108303	0.00000155230	0.00000206465	0.00000256904
Christopher	Site  2	P5_2	Protected	SS 01	NaN	410.00	3:59:32.491 PM 8/5/2021	TRUE	4	0.00000000027	0.00000000028	0.00000000029	0.00000000030	0.00000000033	0.00000000034	0.00000000038	0.00000000046	0.00000000058	0.00000000073	0.00000000089	0.00000000111	0.00000000130	0.00000000150	0.00000000176	0.00000000219	0.00000000262	0.00000000319	0.00000000380	0.00000000460	0.00000000546	0.00000000644	0.00000000728	0.00000000795	0.00000000873	0.00000000929	0.00000000991	0.00000001084	0.00000001151	0.00000001272	0.00000001422	0.00000001578	0.00000001794	0.00000002013	0.00000002173	0.00000002335	0.00000002441	0.00000002536	0.00000002618	0.00000002775	0.00000003022	0.00000003399	0.00000004055	0.00000004895	0.00000006020	0.00000007542	0.00000009495	0.00000012775	0.00000018334	0.00000028260	0.00000045321	0.00000071109	0.00000110320	0.00000160953	0.00000215877	0.00000271912
Christopher	Site  2	P5_2	Protected	SS 02	NaN	410.00	4:00:13.916 PM 8/5/2021	TRUE	4	0.00000000014	0.00000000015	0.00000000014	0.00000000016	0.00000000018	0.00000000022	0.00000000030	0.00000000039	0.00000000053	0.00000000066	0.00000000085	0.00000000104	0.00000000125	0.00000000146	0.00000000178	0.00000000218	0.00000000262	0.00000000313	0.00000000386	0.00000000455	0.00000000540	0.00000000612	0.00000000695	0.00000000774	0.00000000822	0.00000000876	0.00000000931	0.00000000986	0.00000001070	0.00000001160	0.00000001279	0.00000001408	0.00000001567	0.00000001730	0.00000001889	0.00000002007	0.00000002079	0.00000002109	0.00000002173	0.00000002238	0.00000002543	0.00000002822	0.00000003303	0.00000003949	0.00000004902	0.00000006024	0.00000007497	0.00000009855	0.00000014240	0.00000021599	0.00000034014	0.00000053842	0.00000081768	0.00000118006	0.00000161500	0.00000205294
Christopher	Site  2	P5_2	Protected	SS 03	NaN	410.00	4:00:53.968 PM 8/5/2021	TRUE	4	0.00000000012	0.00000000013	0.00000000013	0.00000000013	0.00000000016	0.00000000020	0.00000000027	0.00000000038	0.00000000053	0.00000000069	0.00000000089	0.00000000110	0.00000000132	0.00000000154	0.00000000189	0.00000000229	0.00000000277	0.00000000340	0.00000000415	0.00000000496	0.00000000577	0.00000000668	0.00000000749	0.00000000828	0.00000000909	0.00000000967	0.00000001038	0.00000001107	0.00000001174	0.00000001271	0.00000001395	0.00000001575	0.00000001741	0.00000001912	0.00000002059	0.00000002172	0.00000002254	0.00000002311	0.00000002400	0.00000002488	0.00000002674	0.00000003000	0.00000003461	0.00000004223	0.00000005122	0.00000006356	0.00000008058	0.00000010604	0.00000015341	0.00000023291	0.00000037748	0.00000059839	0.00000092066	0.00000135998	0.00000182353	0.00000231729
Christopher	Site  2	P5_2	Protected	SS 04	NaN	410.00	4:01:31.610 PM 8/5/2021	TRUE	4	0.00000000011	0.00000000012	0.00000000012	0.00000000012	0.00000000013	0.00000000015	0.00000000019	0.00000000025	0.00000000032	0.00000000042	0.00000000054	0.00000000067	0.00000000082	0.00000000098	0.00000000120	0.00000000150	0.00000000182	0.00000000222	0.00000000269	0.00000000330	0.00000000386	0.00000000442	0.00000000483	0.00000000537	0.00000000602	0.00000000664	0.00000000701	0.00000000758	0.00000000821	0.00000000912	0.00000001034	0.00000001183	0.00000001330	0.00000001489	0.00000001658	0.00000001762	0.00000001828	0.00000001898	0.00000001963	0.00000002068	0.00000002203	0.00000002433	0.00000002862	0.00000003447	0.00000004313	0.00000005287	0.00000006683	0.00000009078	0.00000013235	0.00000020207	0.00000032066	0.00000050949	0.00000081207	0.00000119258	0.00000163900	0.00000208895
Christopher	Site  2	P5_2	Protected	SS 05	NaN	410.00	4:02:07.154 PM 8/5/2021	TRUE	4	0.00000000009	0.00000000008	0.00000000009	0.00000000009	0.00000000010	0.00000000011	0.00000000016	0.00000000022	0.00000000030	0.00000000040	0.00000000053	0.00000000066	0.00000000082	0.00000000098	0.00000000122	0.00000000153	0.00000000188	0.00000000229	0.00000000282	0.00000000345	0.00000000406	0.00000000472	0.00000000531	0.00000000584	0.00000000636	0.00000000677	0.00000000720	0.00000000761	0.00000000809	0.00000000873	0.00000000967	0.00000001078	0.00000001209	0.00000001334	0.00000001440	0.00000001495	0.00000001540	0.00000001590	0.00000001664	0.00000001731	0.00000001864	0.00000002071	0.00000002386	0.00000002841	0.00000003458	0.00000004325	0.00000005585	0.00000007442	0.00000011071	0.00000017164	0.00000028585	0.00000046887	0.00000074870	0.00000113829	0.00000162278	0.00000212615
Christopher	Site  2	P5_2	Protected	SS 06	NaN	410.00	4:02:41.036 PM 8/5/2021	TRUE	4	0.00000000010	0.00000000011	0.00000000011	0.00000000012	0.00000000012	0.00000000014	0.00000000017	0.00000000021	0.00000000028	0.00000000035	0.00000000043	0.00000000053	0.00000000062	0.00000000074	0.00000000088	0.00000000110	0.00000000135	0.00000000164	0.00000000203	0.00000000245	0.00000000295	0.00000000349	0.00000000398	0.00000000432	0.00000000478	0.00000000520	0.00000000559	0.00000000592	0.00000000649	0.00000000711	0.00000000794	0.00000000900	0.00000001023	0.00000001149	0.00000001269	0.00000001347	0.00000001406	0.00000001487	0.00000001547	0.00000001675	0.00000001789	0.00000002042	0.00000002431	0.00000002972	0.00000003689	0.00000004609	0.00000005820	0.00000007643	0.00000011153	0.00000017561	0.00000029215	0.00000048039	0.00000078176	0.00000118490	0.00000172269	0.00000225981
Christopher	Site  2	P5_2	Protected	SS 07	NaN	410.00	4:03:31.836 PM 8/5/2021	TRUE	4	0.00000000005	0.00000000005	0.00000000005	0.00000000006	0.00000000007	0.00000000011	0.00000000017	0.00000000025	0.00000000036	0.00000000049	0.00000000061	0.00000000079	0.00000000097	0.00000000122	0.00000000149	0.00000000182	0.00000000231	0.00000000288	0.00000000353	0.00000000437	0.00000000528	0.00000000615	0.00000000703	0.00000000782	0.00000000878	0.00000000969	0.00000001053	0.00000001130	0.00000001229	0.00000001336	0.00000001468	0.00000001655	0.00000001867	0.00000002085	0.00000002271	0.00000002428	0.00000002525	0.00000002592	0.00000002660	0.00000002770	0.00000002971	0.00000003340	0.00000003935	0.00000004745	0.00000005853	0.00000007163	0.00000008920	0.00000011864	0.00000016454	0.00000024723	0.00000038303	0.00000059728	0.00000090630	0.00000131456	0.00000178623	0.00000223056
Christopher	Site  2	P5_2	Protected	SS 08	NaN	410.00	4:04:09.120 PM 8/5/2021	TRUE	4	0.00000000012	0.00000000012	0.00000000012	0.00000000013	0.00000000015	0.00000000019	0.00000000026	0.00000000037	0.00000000050	0.00000000066	0.00000000084	0.00000000106	0.00000000137	0.00000000164	0.00000000199	0.00000000242	0.00000000291	0.00000000356	0.00000000433	0.00000000522	0.00000000611	0.00000000705	0.00000000779	0.00000000860	0.00000000946	0.00000001013	0.00000001085	0.00000001146	0.00000001233	0.00000001355	0.00000001497	0.00000001677	0.00000001870	0.00000002088	0.00000002249	0.00000002402	0.00000002521	0.00000002593	0.00000002691	0.00000002817	0.00000003017	0.00000003372	0.00000003965	0.00000004804	0.00000005881	0.00000007273	0.00000009169	0.00000012009	0.00000017111	0.00000025975	0.00000041157	0.00000064063	0.00000097819	0.00000138437	0.00000184865	0.00000230238
Christopher	Site  2	P5_2	Protected	SS 09	NaN	410.00	4:04:46.495 PM 8/5/2021	TRUE	4	0.00000000012	0.00000000012	0.00000000012	0.00000000013	0.00000000015	0.00000000019	0.00000000026	0.00000000036	0.00000000050	0.00000000067	0.00000000085	0.00000000111	0.00000000133	0.00000000164	0.00000000198	0.00000000248	0.00000000304	0.00000000368	0.00000000460	0.00000000564	0.00000000677	0.00000000793	0.00000000897	0.00000000995	0.00000001098	0.00000001201	0.00000001254	0.00000001341	0.00000001441	0.00000001592	0.00000001746	0.00000001921	0.00000002151	0.00000002370	0.00000002522	0.00000002679	0.00000002791	0.00000002865	0.00000002953	0.00000003031	0.00000003251	0.00000003630	0.00000004216	0.00000005139	0.00000006264	0.00000007746	0.00000009648	0.00000012850	0.00000018068	0.00000028037	0.00000043963	0.00000070172	0.00000109917	0.00000161144	0.00000221558	0.00000282972
Christopher	Site  3	P5_3	Protected	SS 01	NaN	410.00	4:05:20.364 PM 8/5/2021	TRUE	4	0.00000000024	0.00000000022	0.00000000019	0.00000000019	0.00000000021	0.00000000031	0.00000000035	0.00000000040	0.00000000049	0.00000000059	0.00000000071	0.00000000082	0.00000000095	0.00000000110	0.00000000136	0.00000000167	0.00000000220	0.00000000271	0.00000000331	0.00000000405	0.00000000489	0.00000000563	0.00000000641	0.00000000708	0.00000000785	0.00000000850	0.00000000899	0.00000000973	0.00000001059	0.00000001155	0.00000001264	0.00000001424	0.00000001582	0.00000001778	0.00000001938	0.00000002055	0.00000002162	0.00000002212	0.00000002295	0.00000002412	0.00000002570	0.00000002898	0.00000003392	0.00000004075	0.00000005053	0.00000006153	0.00000007834	0.00000010325	0.00000014715	0.00000022195	0.00000034828	0.00000054745	0.00000083838	0.00000123053	0.00000170869	0.00000222499
Christopher	Site  3	P5_3	Protected	SS 02	NaN	410.00	4:06:19.339 PM 8/5/2021	TRUE	4	0.00000000034	0.00000000037	0.00000000039	0.00000000040	0.00000000043	0.00000000046	0.00000000049	0.00000000059	0.00000000077	0.00000000094	0.00000000117	0.00000000139	0.00000000159	0.00000000184	0.00000000227	0.00000000279	0.00000000334	0.00000000408	0.00000000512	0.00000000588	0.00000000681	0.00000000792	0.00000000892	0.00000000984	0.00000001058	0.00000001125	0.00000001219	0.00000001293	0.00000001384	0.00000001535	0.00000001700	0.00000001904	0.00000002134	0.00000002403	0.00000002642	0.00000002804	0.00000002916	0.00000003019	0.00000003139	0.00000003231	0.00000003499	0.00000003895	0.00000004537	0.00000005443	0.00000006548	0.00000008032	0.00000010109	0.00000013099	0.00000018115	0.00000027181	0.00000041315	0.00000063086	0.00000095948	0.00000135987	0.00000184089	0.00000235493
Christopher	Site  3	P5_3	Protected	SS 03	NaN	410.00	4:06:53.127 PM 8/5/2021	TRUE	4	0.00000000018	0.00000000019	0.00000000020	0.00000000022	0.00000000022	0.00000000027	0.00000000031	0.00000000040	0.00000000053	0.00000000071	0.00000000094	0.00000000123	0.00000000154	0.00000000189	0.00000000233	0.00000000290	0.00000000365	0.00000000456	0.00000000575	0.00000000690	0.00000000823	0.00000000976	0.00000001123	0.00000001253	0.00000001378	0.00000001489	0.00000001624	0.00000001725	0.00000001869	0.00000002019	0.00000002253	0.00000002492	0.00000002816	0.00000003140	0.00000003411	0.00000003673	0.00000003829	0.00000003944	0.00000004064	0.00000004217	0.00000004496	0.00000004971	0.00000005835	0.00000006917	0.00000008405	0.00000010203	0.00000012612	0.00000016300	0.00000022406	0.00000032538	0.00000049696	0.00000073918	0.00000106716	0.00000147577	0.00000192452	0.00000236065
Christopher	Site  3	P5_3	Protected	SS 04	NaN	410.00	4:07:31.791 PM 8/5/2021	TRUE	4	0.00000000033	0.00000000035	0.00000000036	0.00000000037	0.00000000039	0.00000000042	0.00000000050	0.00000000061	0.00000000089	0.00000000112	0.00000000141	0.00000000171	0.00000000206	0.00000000246	0.00000000299	0.00000000373	0.00000000454	0.00000000556	0.00000000679	0.00000000816	0.00000000971	0.00000001124	0.00000001251	0.00000001367	0.00000001483	0.00000001601	0.00000001705	0.00000001796	0.00000001921	0.00000002075	0.00000002285	0.00000002497	0.00000002775	0.00000003049	0.00000003327	0.00000003472	0.00000003614	0.00000003668	0.00000003762	0.00000003888	0.00000004122	0.00000004620	0.00000005362	0.00000006408	0.00000007787	0.00000009483	0.00000011901	0.00000015456	0.00000021353	0.00000031391	0.00000047502	0.00000072581	0.00000106904	0.00000149071	0.00000200884	0.00000250237
Christopher	Site  3	P5_3	Protected	SS 05	NaN	410.00	4:08:06.882 PM 8/5/2021	TRUE	4	0.00000000029	0.00000000030	0.00000000029	0.00000000028	0.00000000031	0.00000000034	0.00000000039	0.00000000048	0.00000000060	0.00000000072	0.00000000086	0.00000000100	0.00000000118	0.00000000141	0.00000000170	0.00000000208	0.00000000260	0.00000000315	0.00000000382	0.00000000454	0.00000000527	0.00000000617	0.00000000702	0.00000000772	0.00000000844	0.00000000893	0.00000000940	0.00000000995	0.00000001042	0.00000001142	0.00000001248	0.00000001387	0.00000001539	0.00000001704	0.00000001854	0.00000001981	0.00000002048	0.00000002087	0.00000002147	0.00000002245	0.00000002390	0.00000002676	0.00000003134	0.00000003806	0.00000004700	0.00000005735	0.00000007267	0.00000009533	0.00000013768	0.00000020963	0.00000033104	0.00000051888	0.00000079428	0.00000116173	0.00000160019	0.00000206759
Christopher	Site  3	P5_3	Protected	SS 06	NaN	410.00	4:08:41.961 PM 8/5/2021	TRUE	4	0.00000000041	0.00000000043	0.00000000040	0.00000000034	0.00000000037	0.00000000041	0.00000000050	0.00000000062	0.00000000080	0.00000000100	0.00000000125	0.00000000154	0.00000000183	0.00000000218	0.00000000267	0.00000000328	0.00000000402	0.00000000493	0.00000000613	0.00000000737	0.00000000877	0.00000001027	0.00000001164	0.00000001296	0.00000001420	0.00000001541	0.00000001625	0.00000001733	0.00000001885	0.00000002053	0.00000002237	0.00000002497	0.00000002754	0.00000003110	0.00000003416	0.00000003611	0.00000003724	0.00000003810	0.00000003938	0.00000004082	0.00000004340	0.00000004782	0.00000005584	0.00000006655	0.00000008124	0.00000009923	0.00000012517	0.00000016049	0.00000021972	0.00000032448	0.00000049076	0.00000074140	0.00000109524	0.00000156876	0.00000211211	0.00000266429
Christopher	Site  3	P5_3	Protected	SS 07	NaN	410.00	4:09:22.253 PM 8/5/2021	TRUE	4	0.00000000070	0.00000000073	0.00000000074	0.00000000076	0.00000000082	0.00000000089	0.00000000105	0.00000000120	0.00000000144	0.00000000172	0.00000000203	0.00000000241	0.00000000285	0.00000000333	0.00000000398	0.00000000485	0.00000000582	0.00000000699	0.00000000854	0.00000001034	0.00000001230	0.00000001410	0.00000001596	0.00000001749	0.00000001910	0.00000002028	0.00000002145	0.00000002275	0.00000002434	0.00000002635	0.00000002867	0.00000003204	0.00000003503	0.00000003879	0.00000004169	0.00000004422	0.00000004555	0.00000004649	0.00000004660	0.00000004823	0.00000005082	0.00000005552	0.00000006465	0.00000007653	0.00000009290	0.00000011411	0.00000013938	0.00000017972	0.00000024458	0.00000035449	0.00000053256	0.00000080162	0.00000116911	0.00000164770	0.00000216254	0.00000270381
Christopher	Site  3	P5_3	Protected	SS 08	NaN	410.00	4:09:54.714 PM 8/5/2021	TRUE	4	0.00000000026	0.00000000026	0.00000000027	0.00000000027	0.00000000029	0.00000000034	0.00000000043	0.00000000053	0.00000000069	0.00000000089	0.00000000111	0.00000000139	0.00000000169	0.00000000201	0.00000000252	0.00000000313	0.00000000384	0.00000000481	0.00000000585	0.00000000713	0.00000000847	0.00000000973	0.00000001107	0.00000001212	0.00000001324	0.00000001396	0.00000001464	0.00000001542	0.00000001630	0.00000001779	0.00000001924	0.00000002103	0.00000002355	0.00000002610	0.00000002865	0.00000003009	0.00000003101	0.00000003160	0.00000003249	0.00000003353	0.00000003570	0.00000004201	0.00000004881	0.00000005849	0.00000007126	0.00000008664	0.00000010892	0.00000014024	0.00000019587	0.00000028399	0.00000043754	0.00000066498	0.00000097883	0.00000137981	0.00000182622	0.00000230195
Christopher	Site  3	P5_3	Protected	SS 09	NaN	410.00	4:10:29.612 PM 8/5/2021	TRUE	4	0.00000000060	0.00000000062	0.00000000064	0.00000000065	0.00000000068	0.00000000078	0.00000000092	0.00000000110	0.00000000137	0.00000000169	0.00000000207	0.00000000249	0.00000000292	0.00000000343	0.00000000421	0.00000000513	0.00000000621	0.00000000745	0.00000000910	0.00000001091	0.00000001284	0.00000001497	0.00000001674	0.00000001866	0.00000002021	0.00000002155	0.00000002298	0.00000002410	0.00000002548	0.00000002749	0.00000003031	0.00000003340	0.00000003713	0.00000004108	0.00000004387	0.00000004612	0.00000004795	0.00000004888	0.00000004968	0.00000005092	0.00000005389	0.00000005949	0.00000006887	0.00000008302	0.00000009999	0.00000012180	0.00000015203	0.00000019573	0.00000026701	0.00000039481	0.00000059337	0.00000088507	0.00000128798	0.00000181799	0.00000236261	0.00000292053
 										
Subject Index	Subject ID	Timestamp	Referance Completed	ITA	Reference HV	Reference Filter	Reference Value	Filter Index	Subject Notes	
01	Christopher	7:00:00.000 PM 12/31/1903	TRUE		410.00	0.00	0.00	4		
